{
  "environment": "web",
  "format": "html",
  "prefix": "https://storage.googleapis.com",
  "mainga": "UA-49880327-14",
  "updated": "2024-09-06T17:39:13+01:00",
  "id": "cyf-itd-volunteers",
  "duration": 0,
  "title": "Instructions for ITD Volunteers",
  "summary": "Information for CYF volunteers on ITD",
  "source": "ITD.md",
  "theme": "",
  "status": [
    "published"
  ],
  "category": [
    "digital"
  ],
  "tags": [
    "web"
  ],
  "feedback": "mailto:a.j.beaumont@aston.ac.uk",
  "url": "cyf-itd-volunteers"
}
